﻿<?xml version="1.0" encoding="utf-8"?>
<doc>
  <assembly>
    <name>System.Reflection.TypeExtensions</name>
  </assembly>
  <members>
    <member name="T:System.Reflection.AssemblyExtensions"></member>
    <member name="M:System.Reflection.AssemblyExtensions.GetExportedTypes(System.Reflection.Assembly)"></member>
    <member name="M:System.Reflection.AssemblyExtensions.GetModules(System.Reflection.Assembly)"></member>
    <member name="M:System.Reflection.AssemblyExtensions.GetTypes(System.Reflection.Assembly)"></member>
    <member name="T:System.Reflection.BindingFlags">
      <summary>Gibt Flags an, die die Bindung und das Verfahren steuern, mit dem die Suche nach Membern und Typen mithilfe von Reflektion durchgeführt wird.</summary>
    </member>
    <member name="F:System.Reflection.BindingFlags.DeclaredOnly">
      <summary>Gibt an, dass nur Member berücksichtigt werden sollen, die auf der Hierarchieebene des angegebenen Typs deklariert wurden.Vererbte Member werden nicht berücksichtigt.</summary>
    </member>
    <member name="F:System.Reflection.BindingFlags.FlattenHierarchy">
      <summary>Gibt an, dass öffentliche und geschützte statische Member, die sich in der Hierarchie höher befinden, zurückgegeben werden sollen.Private statische Member in geerbten Klassen werden nicht zurückgegeben.Statische Member sind u. a. Felder, Methoden, Ereignisse und Eigenschaften.Geschachtelte Typen werden nicht zurückgegeben.</summary>
    </member>
    <member name="F:System.Reflection.BindingFlags.IgnoreCase">
      <summary>Gibt an, dass bei der Bindung die Groß- und Kleinschreibung des Membernamens nicht berücksichtigt werden soll.</summary>
    </member>
    <member name="F:System.Reflection.BindingFlags.Instance">
      <summary>Gibt an, dass Instanzmember in die Suche einzubeziehen sind.</summary>
    </member>
    <member name="F:System.Reflection.BindingFlags.NonPublic">
      <summary>Gibt an, dass nicht öffentliche Member in die Suche einzubeziehen sind.</summary>
    </member>
    <member name="F:System.Reflection.BindingFlags.Public">
      <summary>Gibt an, dass öffentliche Member in die Suche einzubeziehen sind.</summary>
    </member>
    <member name="F:System.Reflection.BindingFlags.Static">
      <summary>Gibt an, dass statische Member in die Suche einzubeziehen sind.</summary>
    </member>
    <member name="T:System.Reflection.EventInfoExtensions"></member>
    <member name="M:System.Reflection.EventInfoExtensions.GetAddMethod(System.Reflection.EventInfo)"></member>
    <member name="M:System.Reflection.EventInfoExtensions.GetAddMethod(System.Reflection.EventInfo,System.Boolean)"></member>
    <member name="M:System.Reflection.EventInfoExtensions.GetRaiseMethod(System.Reflection.EventInfo)"></member>
    <member name="M:System.Reflection.EventInfoExtensions.GetRaiseMethod(System.Reflection.EventInfo,System.Boolean)"></member>
    <member name="M:System.Reflection.EventInfoExtensions.GetRemoveMethod(System.Reflection.EventInfo)"></member>
    <member name="M:System.Reflection.EventInfoExtensions.GetRemoveMethod(System.Reflection.EventInfo,System.Boolean)"></member>
    <member name="T:System.Reflection.MethodInfoExtensions"></member>
    <member name="M:System.Reflection.MethodInfoExtensions.GetBaseDefinition(System.Reflection.MethodInfo)"></member>
    <member name="T:System.Reflection.PropertyInfoExtensions"></member>
    <member name="M:System.Reflection.PropertyInfoExtensions.GetAccessors(System.Reflection.PropertyInfo)"></member>
    <member name="M:System.Reflection.PropertyInfoExtensions.GetAccessors(System.Reflection.PropertyInfo,System.Boolean)"></member>
    <member name="M:System.Reflection.PropertyInfoExtensions.GetGetMethod(System.Reflection.PropertyInfo)"></member>
    <member name="M:System.Reflection.PropertyInfoExtensions.GetGetMethod(System.Reflection.PropertyInfo,System.Boolean)"></member>
    <member name="M:System.Reflection.PropertyInfoExtensions.GetSetMethod(System.Reflection.PropertyInfo)"></member>
    <member name="M:System.Reflection.PropertyInfoExtensions.GetSetMethod(System.Reflection.PropertyInfo,System.Boolean)"></member>
    <member name="T:System.Reflection.TypeExtensions"></member>
    <member name="M:System.Reflection.TypeExtensions.GetConstructor(System.Type,System.Type[])"></member>
    <member name="M:System.Reflection.TypeExtensions.GetConstructors(System.Type)"></member>
    <member name="M:System.Reflection.TypeExtensions.GetConstructors(System.Type,System.Reflection.BindingFlags)"></member>
    <member name="M:System.Reflection.TypeExtensions.GetDefaultMembers(System.Type)"></member>
    <member name="M:System.Reflection.TypeExtensions.GetEvent(System.Type,System.String)"></member>
    <member name="M:System.Reflection.TypeExtensions.GetEvent(System.Type,System.String,System.Reflection.BindingFlags)"></member>
    <member name="M:System.Reflection.TypeExtensions.GetEvents(System.Type)"></member>
    <member name="M:System.Reflection.TypeExtensions.GetEvents(System.Type,System.Reflection.BindingFlags)"></member>
    <member name="M:System.Reflection.TypeExtensions.GetField(System.Type,System.String)"></member>
    <member name="M:System.Reflection.TypeExtensions.GetField(System.Type,System.String,System.Reflection.BindingFlags)"></member>
    <member name="M:System.Reflection.TypeExtensions.GetFields(System.Type)"></member>
    <member name="M:System.Reflection.TypeExtensions.GetFields(System.Type,System.Reflection.BindingFlags)"></member>
    <member name="M:System.Reflection.TypeExtensions.GetGenericArguments(System.Type)"></member>
    <member name="M:System.Reflection.TypeExtensions.GetInterfaces(System.Type)"></member>
    <member name="M:System.Reflection.TypeExtensions.GetMember(System.Type,System.String)"></member>
    <member name="M:System.Reflection.TypeExtensions.GetMember(System.Type,System.String,System.Reflection.BindingFlags)"></member>
    <member name="M:System.Reflection.TypeExtensions.GetMembers(System.Type)"></member>
    <member name="M:System.Reflection.TypeExtensions.GetMembers(System.Type,System.Reflection.BindingFlags)"></member>
    <member name="M:System.Reflection.TypeExtensions.GetMethod(System.Type,System.String)"></member>
    <member name="M:System.Reflection.TypeExtensions.GetMethod(System.Type,System.String,System.Reflection.BindingFlags)"></member>
    <member name="M:System.Reflection.TypeExtensions.GetMethod(System.Type,System.String,System.Type[])"></member>
    <member name="M:System.Reflection.TypeExtensions.GetMethods(System.Type)"></member>
    <member name="M:System.Reflection.TypeExtensions.GetMethods(System.Type,System.Reflection.BindingFlags)"></member>
    <member name="M:System.Reflection.TypeExtensions.GetNestedType(System.Type,System.String,System.Reflection.BindingFlags)"></member>
    <member name="M:System.Reflection.TypeExtensions.GetNestedTypes(System.Type,System.Reflection.BindingFlags)"></member>
    <member name="M:System.Reflection.TypeExtensions.GetProperties(System.Type)"></member>
    <member name="M:System.Reflection.TypeExtensions.GetProperties(System.Type,System.Reflection.BindingFlags)"></member>
    <member name="M:System.Reflection.TypeExtensions.GetProperty(System.Type,System.String)"></member>
    <member name="M:System.Reflection.TypeExtensions.GetProperty(System.Type,System.String,System.Reflection.BindingFlags)"></member>
    <member name="M:System.Reflection.TypeExtensions.GetProperty(System.Type,System.String,System.Type)"></member>
    <member name="M:System.Reflection.TypeExtensions.GetProperty(System.Type,System.String,System.Type,System.Type[])"></member>
    <member name="M:System.Reflection.TypeExtensions.IsAssignableFrom(System.Type,System.Type)"></member>
    <member name="M:System.Reflection.TypeExtensions.IsInstanceOfType(System.Type,System.Object)"></member>
  </members>
</doc>