﻿<?xml version="1.0" encoding="utf-8"?>
<doc>
  <assembly>
    <name>System.Reflection.TypeExtensions</name>
  </assembly>
  <members>
    <member name="T:System.Reflection.AssemblyExtensions"></member>
    <member name="M:System.Reflection.AssemblyExtensions.GetExportedTypes(System.Reflection.Assembly)"></member>
    <member name="M:System.Reflection.AssemblyExtensions.GetModules(System.Reflection.Assembly)"></member>
    <member name="M:System.Reflection.AssemblyExtensions.GetTypes(System.Reflection.Assembly)"></member>
    <member name="T:System.Reflection.BindingFlags">
      <summary>Especifica las marcas que controlan el enlace y la manera en que se realiza la búsqueda de miembros y tipos por reflexión.</summary>
    </member>
    <member name="F:System.Reflection.BindingFlags.DeclaredOnly">
      <summary>Especifica que sólo se tendrán en cuenta los miembros declarados en el nivel de la jerarquía del tipo proporcionado.Los miembros heredados no se tienen en cuenta.</summary>
    </member>
    <member name="F:System.Reflection.BindingFlags.FlattenHierarchy">
      <summary>Especifica que se deben devolver los miembros estáticos públicos y protegidos situados en la parte superior de la jerarquía.No se devuelven los miembros estáticos privados de las clases heredadas.Los miembros estáticos son campos, métodos, eventos y propiedades.No se devuelven tipos anidados.</summary>
    </member>
    <member name="F:System.Reflection.BindingFlags.IgnoreCase">
      <summary>Especifica que no se debe distinguir entre las mayúsculas y minúsculas del nombre del miembro durante el enlace.</summary>
    </member>
    <member name="F:System.Reflection.BindingFlags.Instance">
      <summary>Indica que se deben incluir los miembros de instancia en la búsqueda.</summary>
    </member>
    <member name="F:System.Reflection.BindingFlags.NonPublic">
      <summary>Indica que se deben incluir los miembros no públicos en la búsqueda.</summary>
    </member>
    <member name="F:System.Reflection.BindingFlags.Public">
      <summary>Indica que se deben incluir los miembros públicos en la búsqueda.</summary>
    </member>
    <member name="F:System.Reflection.BindingFlags.Static">
      <summary>Indica que se deben incluir los miembros estáticos en la búsqueda.</summary>
    </member>
    <member name="T:System.Reflection.EventInfoExtensions"></member>
    <member name="M:System.Reflection.EventInfoExtensions.GetAddMethod(System.Reflection.EventInfo)"></member>
    <member name="M:System.Reflection.EventInfoExtensions.GetAddMethod(System.Reflection.EventInfo,System.Boolean)"></member>
    <member name="M:System.Reflection.EventInfoExtensions.GetRaiseMethod(System.Reflection.EventInfo)"></member>
    <member name="M:System.Reflection.EventInfoExtensions.GetRaiseMethod(System.Reflection.EventInfo,System.Boolean)"></member>
    <member name="M:System.Reflection.EventInfoExtensions.GetRemoveMethod(System.Reflection.EventInfo)"></member>
    <member name="M:System.Reflection.EventInfoExtensions.GetRemoveMethod(System.Reflection.EventInfo,System.Boolean)"></member>
    <member name="T:System.Reflection.MethodInfoExtensions"></member>
    <member name="M:System.Reflection.MethodInfoExtensions.GetBaseDefinition(System.Reflection.MethodInfo)"></member>
    <member name="T:System.Reflection.PropertyInfoExtensions"></member>
    <member name="M:System.Reflection.PropertyInfoExtensions.GetAccessors(System.Reflection.PropertyInfo)"></member>
    <member name="M:System.Reflection.PropertyInfoExtensions.GetAccessors(System.Reflection.PropertyInfo,System.Boolean)"></member>
    <member name="M:System.Reflection.PropertyInfoExtensions.GetGetMethod(System.Reflection.PropertyInfo)"></member>
    <member name="M:System.Reflection.PropertyInfoExtensions.GetGetMethod(System.Reflection.PropertyInfo,System.Boolean)"></member>
    <member name="M:System.Reflection.PropertyInfoExtensions.GetSetMethod(System.Reflection.PropertyInfo)"></member>
    <member name="M:System.Reflection.PropertyInfoExtensions.GetSetMethod(System.Reflection.PropertyInfo,System.Boolean)"></member>
    <member name="T:System.Reflection.TypeExtensions"></member>
    <member name="M:System.Reflection.TypeExtensions.GetConstructor(System.Type,System.Type[])"></member>
    <member name="M:System.Reflection.TypeExtensions.GetConstructors(System.Type)"></member>
    <member name="M:System.Reflection.TypeExtensions.GetConstructors(System.Type,System.Reflection.BindingFlags)"></member>
    <member name="M:System.Reflection.TypeExtensions.GetDefaultMembers(System.Type)"></member>
    <member name="M:System.Reflection.TypeExtensions.GetEvent(System.Type,System.String)"></member>
    <member name="M:System.Reflection.TypeExtensions.GetEvent(System.Type,System.String,System.Reflection.BindingFlags)"></member>
    <member name="M:System.Reflection.TypeExtensions.GetEvents(System.Type)"></member>
    <member name="M:System.Reflection.TypeExtensions.GetEvents(System.Type,System.Reflection.BindingFlags)"></member>
    <member name="M:System.Reflection.TypeExtensions.GetField(System.Type,System.String)"></member>
    <member name="M:System.Reflection.TypeExtensions.GetField(System.Type,System.String,System.Reflection.BindingFlags)"></member>
    <member name="M:System.Reflection.TypeExtensions.GetFields(System.Type)"></member>
    <member name="M:System.Reflection.TypeExtensions.GetFields(System.Type,System.Reflection.BindingFlags)"></member>
    <member name="M:System.Reflection.TypeExtensions.GetGenericArguments(System.Type)"></member>
    <member name="M:System.Reflection.TypeExtensions.GetInterfaces(System.Type)"></member>
    <member name="M:System.Reflection.TypeExtensions.GetMember(System.Type,System.String)"></member>
    <member name="M:System.Reflection.TypeExtensions.GetMember(System.Type,System.String,System.Reflection.BindingFlags)"></member>
    <member name="M:System.Reflection.TypeExtensions.GetMembers(System.Type)"></member>
    <member name="M:System.Reflection.TypeExtensions.GetMembers(System.Type,System.Reflection.BindingFlags)"></member>
    <member name="M:System.Reflection.TypeExtensions.GetMethod(System.Type,System.String)"></member>
    <member name="M:System.Reflection.TypeExtensions.GetMethod(System.Type,System.String,System.Reflection.BindingFlags)"></member>
    <member name="M:System.Reflection.TypeExtensions.GetMethod(System.Type,System.String,System.Type[])"></member>
    <member name="M:System.Reflection.TypeExtensions.GetMethods(System.Type)"></member>
    <member name="M:System.Reflection.TypeExtensions.GetMethods(System.Type,System.Reflection.BindingFlags)"></member>
    <member name="M:System.Reflection.TypeExtensions.GetNestedType(System.Type,System.String,System.Reflection.BindingFlags)"></member>
    <member name="M:System.Reflection.TypeExtensions.GetNestedTypes(System.Type,System.Reflection.BindingFlags)"></member>
    <member name="M:System.Reflection.TypeExtensions.GetProperties(System.Type)"></member>
    <member name="M:System.Reflection.TypeExtensions.GetProperties(System.Type,System.Reflection.BindingFlags)"></member>
    <member name="M:System.Reflection.TypeExtensions.GetProperty(System.Type,System.String)"></member>
    <member name="M:System.Reflection.TypeExtensions.GetProperty(System.Type,System.String,System.Reflection.BindingFlags)"></member>
    <member name="M:System.Reflection.TypeExtensions.GetProperty(System.Type,System.String,System.Type)"></member>
    <member name="M:System.Reflection.TypeExtensions.GetProperty(System.Type,System.String,System.Type,System.Type[])"></member>
    <member name="M:System.Reflection.TypeExtensions.IsAssignableFrom(System.Type,System.Type)"></member>
    <member name="M:System.Reflection.TypeExtensions.IsInstanceOfType(System.Type,System.Object)"></member>
  </members>
</doc>