﻿<?xml version="1.0" encoding="utf-8"?>
<doc>
  <assembly>
    <name>System.Reflection.TypeExtensions</name>
  </assembly>
  <members>
    <member name="T:System.Reflection.AssemblyExtensions"></member>
    <member name="M:System.Reflection.AssemblyExtensions.GetExportedTypes(System.Reflection.Assembly)"></member>
    <member name="M:System.Reflection.AssemblyExtensions.GetModules(System.Reflection.Assembly)"></member>
    <member name="M:System.Reflection.AssemblyExtensions.GetTypes(System.Reflection.Assembly)"></member>
    <member name="T:System.Reflection.BindingFlags">
      <summary>指定控制绑定和由反射执行的成员和类型搜索方法的标志。</summary>
    </member>
    <member name="F:System.Reflection.BindingFlags.DeclaredOnly">
      <summary>指定只应考虑在所提供类型的层次结构级别上声明的成员。不考虑继承成员。</summary>
    </member>
    <member name="F:System.Reflection.BindingFlags.FlattenHierarchy">
      <summary>指定应返回层次结构上的公共静态成员和受保护的静态成员。不返回继承类中的私有静态成员。静态成员包括字段、方法、事件和属性。不返回嵌套类型。</summary>
    </member>
    <member name="F:System.Reflection.BindingFlags.IgnoreCase">
      <summary>指定当绑定时不应考虑成员名的大小写。</summary>
    </member>
    <member name="F:System.Reflection.BindingFlags.Instance">
      <summary>指定实例成员将包括在搜索中。</summary>
    </member>
    <member name="F:System.Reflection.BindingFlags.NonPublic">
      <summary>指定非公共成员将包括在搜索中。</summary>
    </member>
    <member name="F:System.Reflection.BindingFlags.Public">
      <summary>指定公共成员将包括在搜索中。</summary>
    </member>
    <member name="F:System.Reflection.BindingFlags.Static">
      <summary>指定静态成员将包括在搜索中。</summary>
    </member>
    <member name="T:System.Reflection.EventInfoExtensions"></member>
    <member name="M:System.Reflection.EventInfoExtensions.GetAddMethod(System.Reflection.EventInfo)"></member>
    <member name="M:System.Reflection.EventInfoExtensions.GetAddMethod(System.Reflection.EventInfo,System.Boolean)"></member>
    <member name="M:System.Reflection.EventInfoExtensions.GetRaiseMethod(System.Reflection.EventInfo)"></member>
    <member name="M:System.Reflection.EventInfoExtensions.GetRaiseMethod(System.Reflection.EventInfo,System.Boolean)"></member>
    <member name="M:System.Reflection.EventInfoExtensions.GetRemoveMethod(System.Reflection.EventInfo)"></member>
    <member name="M:System.Reflection.EventInfoExtensions.GetRemoveMethod(System.Reflection.EventInfo,System.Boolean)"></member>
    <member name="T:System.Reflection.MethodInfoExtensions"></member>
    <member name="M:System.Reflection.MethodInfoExtensions.GetBaseDefinition(System.Reflection.MethodInfo)"></member>
    <member name="T:System.Reflection.PropertyInfoExtensions"></member>
    <member name="M:System.Reflection.PropertyInfoExtensions.GetAccessors(System.Reflection.PropertyInfo)"></member>
    <member name="M:System.Reflection.PropertyInfoExtensions.GetAccessors(System.Reflection.PropertyInfo,System.Boolean)"></member>
    <member name="M:System.Reflection.PropertyInfoExtensions.GetGetMethod(System.Reflection.PropertyInfo)"></member>
    <member name="M:System.Reflection.PropertyInfoExtensions.GetGetMethod(System.Reflection.PropertyInfo,System.Boolean)"></member>
    <member name="M:System.Reflection.PropertyInfoExtensions.GetSetMethod(System.Reflection.PropertyInfo)"></member>
    <member name="M:System.Reflection.PropertyInfoExtensions.GetSetMethod(System.Reflection.PropertyInfo,System.Boolean)"></member>
    <member name="T:System.Reflection.TypeExtensions"></member>
    <member name="M:System.Reflection.TypeExtensions.GetConstructor(System.Type,System.Type[])"></member>
    <member name="M:System.Reflection.TypeExtensions.GetConstructors(System.Type)"></member>
    <member name="M:System.Reflection.TypeExtensions.GetConstructors(System.Type,System.Reflection.BindingFlags)"></member>
    <member name="M:System.Reflection.TypeExtensions.GetDefaultMembers(System.Type)"></member>
    <member name="M:System.Reflection.TypeExtensions.GetEvent(System.Type,System.String)"></member>
    <member name="M:System.Reflection.TypeExtensions.GetEvent(System.Type,System.String,System.Reflection.BindingFlags)"></member>
    <member name="M:System.Reflection.TypeExtensions.GetEvents(System.Type)"></member>
    <member name="M:System.Reflection.TypeExtensions.GetEvents(System.Type,System.Reflection.BindingFlags)"></member>
    <member name="M:System.Reflection.TypeExtensions.GetField(System.Type,System.String)"></member>
    <member name="M:System.Reflection.TypeExtensions.GetField(System.Type,System.String,System.Reflection.BindingFlags)"></member>
    <member name="M:System.Reflection.TypeExtensions.GetFields(System.Type)"></member>
    <member name="M:System.Reflection.TypeExtensions.GetFields(System.Type,System.Reflection.BindingFlags)"></member>
    <member name="M:System.Reflection.TypeExtensions.GetGenericArguments(System.Type)"></member>
    <member name="M:System.Reflection.TypeExtensions.GetInterfaces(System.Type)"></member>
    <member name="M:System.Reflection.TypeExtensions.GetMember(System.Type,System.String)"></member>
    <member name="M:System.Reflection.TypeExtensions.GetMember(System.Type,System.String,System.Reflection.BindingFlags)"></member>
    <member name="M:System.Reflection.TypeExtensions.GetMembers(System.Type)"></member>
    <member name="M:System.Reflection.TypeExtensions.GetMembers(System.Type,System.Reflection.BindingFlags)"></member>
    <member name="M:System.Reflection.TypeExtensions.GetMethod(System.Type,System.String)"></member>
    <member name="M:System.Reflection.TypeExtensions.GetMethod(System.Type,System.String,System.Reflection.BindingFlags)"></member>
    <member name="M:System.Reflection.TypeExtensions.GetMethod(System.Type,System.String,System.Type[])"></member>
    <member name="M:System.Reflection.TypeExtensions.GetMethods(System.Type)"></member>
    <member name="M:System.Reflection.TypeExtensions.GetMethods(System.Type,System.Reflection.BindingFlags)"></member>
    <member name="M:System.Reflection.TypeExtensions.GetNestedType(System.Type,System.String,System.Reflection.BindingFlags)"></member>
    <member name="M:System.Reflection.TypeExtensions.GetNestedTypes(System.Type,System.Reflection.BindingFlags)"></member>
    <member name="M:System.Reflection.TypeExtensions.GetProperties(System.Type)"></member>
    <member name="M:System.Reflection.TypeExtensions.GetProperties(System.Type,System.Reflection.BindingFlags)"></member>
    <member name="M:System.Reflection.TypeExtensions.GetProperty(System.Type,System.String)"></member>
    <member name="M:System.Reflection.TypeExtensions.GetProperty(System.Type,System.String,System.Reflection.BindingFlags)"></member>
    <member name="M:System.Reflection.TypeExtensions.GetProperty(System.Type,System.String,System.Type)"></member>
    <member name="M:System.Reflection.TypeExtensions.GetProperty(System.Type,System.String,System.Type,System.Type[])"></member>
    <member name="M:System.Reflection.TypeExtensions.IsAssignableFrom(System.Type,System.Type)"></member>
    <member name="M:System.Reflection.TypeExtensions.IsInstanceOfType(System.Type,System.Object)"></member>
  </members>
</doc>